filename,well,metabolite
20250611 plate 8 ROW E.txt,I11I12J11J12,Sarcosine
20250611 plate 8 ROW G.txt,M15M16N15N16,N-Methylsarcosine
20250611 plate 8 ROW G.txt,M19M20N19N20,L-Carnitine (hydrochloride)
20250507 rl rj screening wt gs plate 4 row D.txt,G19G20H19H20,Oxaloacetic acid
20250611 plate 8 ROW G.txt,M5M6N5N6,L-Methionine
20250611 plate 1 ROW E and redo of 15&16 of row D.txt,I11I12J11J12,Menadione
20250611 plate 8 ROW A.txt,A13A14B13B14,2'-Deoxycytidine (hydrochloride)
20250611 plate 8 ROW A.txt,A3A4B3B4,L-Lysine hydrate
20250611 plate 8 ROW D.txt,G3G4H3H4,Flavin adenine dinucleotide
20250411 GS plate 9 row 6 RLRJ.txt,M13M14N13N14,4-Acetamidobutanoic acid
20250411 GS plate 9 row 3 RLRJ.txt,G7G8H7H8,Riboflavin phosphate (sodium)
20250611 plate 1 ROW C.txt,E15E16F15F16,Rapamycin
20250611 plate 1 ROW E and redo of 15&16 of row D.txt,I21I22J21J22,N-Acetylhistamine
20250411 GS plate 9 row 7 RLRJ.txt,O1O2P1P2,Diadenosine pentaphosphate (pentasodium)
20250611 plate 1 ROW E and redo of 15&16 of row D.txt,I13I14J13J14,"Oxalic acid, 99%"
20250611 plate 8 ROW C.txt,E11E12F11F12,Uridine triphosphate (trisodium salt)
20250611 plate 8 ROW D.txt,G13G14H13H14,Phosphocreatine (disodium)
20250411 GS plate 9 row 8 RLRJ.txt,K11K12L11L12,Thiamine monochloride
20250411 GS plate 9 row 4 RLRJ.txt,I19I20J19J20,Spermidine (hydrochloride)
260318 screening wt gs plate 10 row G rj rl.txt,E13E14F13F14,H-Abu-OH
20250611 plate 8 ROW C.txt,E19E20F19F20,L-Cysteinesulfinic acid
20250411 GS plate 9 row 4 RLRJ.txt,I10I9J10J9,Shikimic acid
20250411 GS plate 9 row 5 RLRJ.txt,K15K16L15L16,5'-Guanylic acid (disodium salt)
20250611 plate 8 ROW E.txt,I19I20J19J20,D-Leucine
20250611 plate 8 ROW G.txt,M11M12N11N12,3-Aminoisobutyric acid
20250411 GS plate 9 row 4 RLRJ.txt,I15I16J15J16,SDMA
20250611 plate 1 ROW G.txt,M11M12N11N12,Biotin
250130 screening GS rowC plate 14-15 1-12 RJ RL.txt,C3C4,Pyrroloquinoline quinone
20250515 rl rj plate 2 row B.txt,C15C16D15D16,Adenosine 5'-diphosphate (disodium)
20250507 rl rj screening wt gs plate 4 row F.txt,K10K9L10L9,Taurocholic acid
20250611 plate 1 ROW E and redo of 15&16 of row D.txt,I17I18J17J18,N2-Methylguanosine
20250611 plate 1 ROW C.txt,E1E2F1F2,N-Acetyl-L-tryptophan
20250611 plate 1 ROW E and redo of 15&16 of row D.txt,I7I8J7J8,N-Acetyl-L-tyrosine
20250611 plate 8 ROW F.txt,K19K20L19L20,D-Alanine
20250411 GS plate 9 row 8 RLRJ.txt,K17K18L17L18,Dulcite
20250611 plate 8 ROW B.txt,C3C4D3D4,Pyridoxal phosphate
260318 screening wt gs plate 10 row G rj rl.txt,E11E12F11F12,Glucosamine (sulfate)
20250611 plate 1 ROW E and redo of 15&16 of row D.txt,I19I20J19J20,10-Undecenoic acid
20250411 GS plate 9 row 8 RLRJ.txt,K19K20L19L20,Scyllo-Inositol
20250611 plate 8 ROW F.txt,K7K8L7L8,3-Hydroxybutyric acid
20250611 plate 8 ROW G.txt,M13M14N13N14,D-Serine
20250611 plate 8 ROW F.txt,K5K6L5L6,Fosfructose (trisodium)
20250611 plate 8 ROW B.txt,C7C8D7D8,1-Methyl-L-histidine
260318 screening wt gs plate 10 row C rj rl.txt,E21F21,Maltose monohydrate
20250611 plate 1 ROW D.txt,G1G2H1H2,8-Hydroxyguanosine
20250611 plate 1 ROW C.txt,E5E6F5F6,Indole-3-acetamide
20250411 GS plate 9 row 4 RLRJ.txt,I3I4J3J4,D-Fructose
20250611 plate 8 ROW A.txt,A1A2B1B2,Hydroxypyruvic acid
20250611 plate 8 ROW D.txt,G17G18H17H18,Pyrithioxin (dihydrochloride)
260318 screening wt gs plate 10 row D rj rl.txt,G3G4H3H4,Phosphorylcholine
20250611 plate 1 ROW C.txt,E17E18F17F18,Tristearin
20250507 rl rj screening wt gs plate 4 row C.txt,E3E4F3F4,1-Monomyristin
20250606 rl rj screening plate 5 row h again.txt,I3I4J3J4,Isovalerylcarnitine (chloride)
20250611 plate 8 ROW G.txt,M10M9N10N9,Phosphorylcholine (chloride)
20250611 plate 1 ROW C.txt,E3E4F3F4,Xanthurenic acid
20250507 rl rj screening wt gs plate 4 row F.txt,K3K4L3L4,Tauroursodeoxycholate
20250411 GS plate 9 row 4 RLRJ.txt,I13I14J13J14,NADP (disodium salt)
20250611 plate 8 ROW D.txt,G10G9H10H9,D-Mannitol
20250611 plate 1 ROW F.txt,K19K20L19L20,4-Aminobenzoic acid
260318 screening wt gs plate 10 row A rj rl.txt,A15A16B15B16,"L-Gulono-1,4-lactone"
20250611 plate 8 ROW F.txt,K11K12L11L12,Phosphoribosyl pyrophosphate (pentasodium)
20250611 plate 1 ROW D.txt,G19G20H19H20,Thymine
260318 screening wt gs plate 10 row A rj rl.txt,A10A9B10B9,L-Azetidine-2-carboxylic acid
20250611 plate 8 ROW F.txt,K17K18L17L18,"2,3-Diaminopropionic acid hydrochloride"
20250611 plate 8 ROW E.txt,I15I16J15J16,DL-Glutamine
20250611 plate 1 ROW C.txt,E11E12F11F12,3-Hydroxyisobutyric acid
20250611 plate 8 ROW C.txt,E5E6F5F6,Cyclic GMP (sodium)
20250611 plate 8 ROW C.txt,E17E18F17F18,3-Methyl-L-histidine
20250611 plate 1 ROW G.txt,M10M9N10N9,Methyl 2-(1H-indol-3-yl)acetate
20250507 rl rj screening wt gs plate 4 row G.txt,M13M14N13N14,Oleoylethanolamide
260318 screening wt gs plate 10 row E rj rl.txt,A21A22B21B22,Maltose
20250611 plate 1 ROW F.txt,K15K16L15L16,Oleoylcarnitine
20250611 plate 8 ROW H.txt,O17O18P17P18,Phosphoenolpyruvic acid (potassium)
20250606 rl rj screening plate 3 row E.txt,I17I18J17J18,Docosahexaenoic acid
20250611 plate 8 ROW D.txt,G15G16H15H16,L-Norleucine
20250411 GS plate 9 row 5 RLRJ.txt,K17K18L17L18,L-Cysteine
20250611 plate 8 ROW F.txt,K15K16L15L16,Nitrosoglutathione
20250606 rl rj screening plate 5 row G again.txt,G11G12H11H12,"5,6-Dimethyl-1H-benzo[d]imidazole"
20250611 plate 1 ROW C.txt,E7E8F7F8,Normetanephrine
20250611 plate 8 ROW B.txt,C13C14D13D14,Cytidine-5'-triphosphate
20250611 plate 8 ROW A.txt,A10A9B10B9,2'-Deoxyadenosine-5'-triphosphate (trisodium)
20250611 plate 8 ROW F.txt,K10K9L10L9,Taurine
20250611 plate 1 ROW E and redo of 15&16 of row D.txt,I1I2J1J2,N-acetyldopamine
20250507 rl rj screening wt gs plate 4 row F.txt,K13K14L13L14,Etiocholanolone
20250611 plate 8 ROW H.txt,O10O9P10P9,α-Hydroxyglutaric acid (disodium)
20250411 GS plate 9 row 5 RLRJ.txt,K19K20L19L20,D-(-)-Lactic acid (sodium)
20250611 plate 8 ROW C.txt,E7E8F7F8,D-Kynurenine
260318 screening wt gs plate 10 row D rj rl.txt,G13G14H13H14,L-Homocysteine
20250611 plate 8 ROW H.txt,O19O20P19P20,Itaconic acid
260318 screening wt gs plate 10 row F rj rl.txt,C5C6D5D6,Gluconate (Calcium)
20250611 plate 1 ROW A.txt,A15A16B15B16,Glucosamine (hydrochloride)
20250611 plate 1 ROW G.txt,M17M18N17N18,3-Methyladipic acid
20250611 plate 1 ROW H.txt,O15O16P15P16,Hippuric acid
20250411 GS plate 9 row 4 RLRJ.txt,I11I12J11J12,γ-Glu-Gly
20250611 plate 1 ROW E and redo of 15&16 of row D.txt,I3I4J3J4,"3,4-Dihydroxybenzeneacetic acid"
20250611 plate 8 ROW C.txt,E10E9F10F9,L-Citrulline
20250611 plate 1 ROW F.txt,K13K14L13L14,Triacetin
20250611 plate 1 ROW D.txt,G10G9H10H9,Sucralose
20250611 plate 8 ROW G.txt,M7M8N7N8,Adenosine 5'-monophosphate (monohydrate)
20250611 plate 8 ROW H.txt,O7O8P7P8,Ribitol
20250411 GS plate 9 row 3 RLRJ.txt,G5G6H5H6,Gamma-glutamylcysteine
260318 screening wt gs plate 10 row F rj rl.txt,C11C12D11D12,(S)-b-aminoisobutyric acid
260318 screening wt gs plate 10 row F rj rl.txt,C3C4D3D4,L-Ascorbic acid 2-phosphate (trisodium)
20250611 plate 8 ROW C.txt,E13E14F13F14,D-Galacturonic acid (hydrate)
20250611 plate 8 ROW H.txt,O15O16P15P16,Dynorphin A (1-8)
20250611 plate 8 ROW D.txt,G11G12H11H12,5'-Guanylic acid
20250611 plate 8 ROW H.txt,O13O14P13P14,DL-Asparagine
20250411 GS plate 9 row 2 RLRJ.txt,E15E16F15F16,(S)-3-Hydroxybutanoic acid
20250611 plate 8 ROW H.txt,O11O12P11P12,H-Gly-Pro-OH
20250411 GS plate 9 row 5 RLRJ.txt,K13K14L13L14,Glycocholic acid (sodium)
20250507 rl rj screening wt gs plate 4 B3 H10.txt,A21A22B21B22,L-Thyroxine
260318 screening wt gs plate 10 row G rj rl.txt,E21E22F21F22,(-)-Aspartic acid
20250611 plate 8 ROW B.txt,C15C16D15D16,L-Pipecolic acid
260318 screening wt gs plate 10 row F rj rl.txt,C19C20D19D20,Citicoline (sodium)
260318 screening wt gs plate 10 row D rj rl.txt,G7G8H7H8,H-HomoArg-OH.HCl
20250611 plate 1 ROW G.txt,M19M20N19N20,Chenodeoxycholic Acid
20250411 GS plate 9 row 1 RLRJ.txt,C17C18D17D18,Glycine
20250611 plate 1 ROW F.txt,K3K4L3L4,3-Hydroxyanthranilic acid
20250611 plate 8 ROW B.txt,C10C9D10D9,L-Glutamine
20250411 GS plate 9 row 3 RLRJ.txt,G1G2H1H2,DL-Dopa
20250611 plate 1 ROW G.txt,M15M16N15N16,Trilaurin
260318 screening wt gs plate 10 row F rj rl.txt,C13C14D13D14,3-Chloro-L-tyrosine
20250611 plate 1 ROW H.txt,O5O6P5P6,Undecanoic acid
260318 screening wt gs plate 10 row H rj rl.txt,G7G8H7H8,Maltotriose
20250611 plate 1 ROW G.txt,M7M8N7N8,Dihydrouracil
20250411 GS plate 9 row 5 RLRJ.txt,K10K9L10L9,"5,6-Dihydro-5-methyluracil"
20250411 GS plate 9 row 3 RLRJ.txt,G17G18H17H18,Maltotetraose
260318 screening wt gs plate 10 row F rj rl.txt,C10C9D10D9,Sodium 2-hydroxybutanoate
20250611 plate 1 ROW D.txt,G13G14H13H14,Eicosapentaenoic acid ethyl ester
20250411 GS plate 9 row 1 RLRJ.txt,C19C20D19D20,Maltohexaose
20250411 GS plate 9 row 8 RLRJ.txt,K13K14L13L14,Phosphorylethanolamine
20250611 plate 8 ROW B.txt,C11C12D11D12,Citicoline
20250411 GS plate 9 row 1 RLRJ.txt,C11C12D11D12,Hypotaurine
20250611 plate 8 ROW G.txt,M17M18N17N18,L-​Leucyl-​L-​alanine
20250411 GS plate 9 row 6 RLRJ.txt,M7M8N7N8,Thiamine pyrophosphate
20250606 rl rj screening plate 3 row B.txt,C1C2D1D2,Sulcatone
20250507 rl rj screening wt gs plate 4 row H.txt,O19O20P19P20,Petroselinic acid
20250611 plate 8 ROW D.txt,G5G6H5H6,γ-L-Glutamyl-L-alanine
250131 screening GS 15 RJ.txt,J1J2K1K2,Heparan Sulfate
20250611 plate 8 ROW F.txt,K1K2L1L2,Creatine
260318 screening wt gs plate 10 row H rj rl.txt,G11G12H11H12,DL-O-Phosphoserine
20250611 plate 8 ROW A.txt,A15A16B15B16,Phosphoenolpyruvic acid (tricyclohexylammoniu​m salt)
250131 screening GS 15 RJ.txt,J11J12K11K12,ATP (disodium salt hydrate)
20250611 plate 8 ROW C.txt,E15E16F15F16,"(3S,4R,5S)-1,3,4,5,6-Pentahydroxyhexan-2-one"
20250604 rl rj screening plate 6 redo row C.txt,E10E9F10F9,D-arabinose
20250611 plate 1 ROW D.txt,G3G4H3H4,L-Thyroxine (sodium)
20250606 rl rj screening plate 5 row G again.txt,G13G14H13H14,trans-Vaccenic acid
250127 screening GS plate 11 RJ 6.txt,M3M4N3N4,Acetyl Coenzyme A (trisodium)
20250611 plate 8 ROW A.txt,A19A20B19B20,L-Aspartic acid
260318 screening wt gs plate 10 row B rj rl.txt,C3C4D3D4,Sodium citrate (dihydrate)
250127 screening GS plate 11 RJ 6.txt,M1M2N1N2,L-Arginine
20250606 rl rj screening plate 3 row D.txt,G13G14H13H14,Glycochenodeoxycholic acid
260318 screening wt gs plate 10 row B rj rl.txt,C21D21,L-Alanine
20250611 plate 1 ROW F.txt,K11K12L11L12,Octadecanedioic acid
20250611 plate 8 ROW A.txt,A5A6B5B6,3-Hydroxyglutaric acid
20250611 plate 8 ROW G.txt,M3M4N3N4,H-Tyr(3-I)-OH
260318 screening wt gs plate 10 row A rj rl.txt,A21A22B21B22,L-Asparagine
20250606 rl rj screening plate 3 row C.txt,E7E8F7F8,Metanephrine
20250611 plate 1 ROW G.txt,M5M6N5N6,Ac-Ala-OH
20250411 GS plate 9 row 5 RLRJ.txt,K3K4L3L4,DL-Homocysteine
20250611 plate 1 ROW D.txt,G11G12H11H12,Purine
20250411 GS plate 9 row 8 RLRJ.txt,K1K2L1L2,"2,6-Diaminoheptanedioic acid"
20250507 rl rj screening wt gs plate 4 row F.txt,K7K8L7L8,9-cis-Retinal
20250611 plate 8 ROW B.txt,C19C20D19D20,Glucosamine
20250611 plate 1 ROW H.txt,O19O20P19P20,Asparagusic acid
20250411 GS plate 9 row 3 RLRJ.txt,G15G16H15H16,Ergothioneine
20250411 GS plate 9 row 1 RLRJ.txt,C15C16D15D16,Dimethyl sulfone
250127 screening GS plate 11 RJ 6.txt,M7M8N7N8,3-Nitro-L-tyrosine
20250611 plate 8 ROW D.txt,G7G8H7H8,DL-Alanine
20250604 rl rj screening plate 5 row D.txt,G17G18H17H18,L-Homoserine
20250611 plate 8 ROW D.txt,G1G2H1H2,N-Acetylneuraminic acid
20250606 rl rj screening plate 5 row h again.txt,I15I16J15J16,α-Lipoic Acid
20250411 GS plate 9 row 8 RLRJ.txt,K5K6L5L6,D-(+)-Trehalose
20250507 rl rj screening wt gs plate 4 row A.txt,A13A14B13B14,5-Hydroxytryptophan
20250611 plate 8 ROW B.txt,C5C6D5D6,Glutathione oxidized
260318 screening wt gs plate 10 row H rj rl.txt,G19G20H19H20,S-Adenosyl-L-methionine (tosylate)
20250611 plate 1 ROW G.txt,M13M14N13N14,DL-Tryptophan
20250604 rl rj screening plate 6 redo row C.txt,E13E14F13F14,2'-Deoxyuridine
20250411 GS plate 9 row 8 RLRJ.txt,K3K4L3L4,Dinoprost
20250604 rl rj screening plate 6 redo row H.txt,O13O14P13P14,Pentadecanoic acid
20250507 rl rj screening wt gs plate 4 row A.txt,A15A16B15B16,Kaempferol
20250411 GS plate 9 row 4 RLRJ.txt,I17I18J17J18,γ-Glu-Phe
20250611 plate 1 ROW F.txt,K10K9L10L9,N6-Methyladenosine
20250604 rl rj screening plate 6 redo row C.txt,E11E12F11F12,2-Hydroxybutyric acid
20250604 rl rj screening plate 6 redo row C.txt,E19E20F19F20,cis-5-Dodecenoic acid
20250611 plate 8 ROW A.txt,A7A8B7B8,Butyrylcarnitine
20250604 rl rj screening plate 5 row F.txt,K19K20L19L20,D-erythro-Sphingosine
20250606 rl rj screening plate 3 row E.txt,I1I2J1J2,Cinnamic acid
20250606 rl rj screening plate 3 row C.txt,E3E4F3F4,2-Oxobutanoic acid
20250611 plate 8 ROW A.txt,A17A18B17B18,Stachyose
260318 screening wt gs plate 10 row A rj rl.txt,A7A8B7B8,NADP (sodium salt)
20250611 plate 1 ROW D.txt,G7G8H7H8,Taurolithocholic acid (sodium salt)
20250606 rl rj screening plate 5 row G again.txt,G7G8H7H8,N-Methylnicotinamide
20250411 GS plate 9 row 1 RLRJ.txt,C7C8D7D8,Cytidine-5'-triphosphate (disodium)
20250606 rl rj screening plate 5 row G again.txt,G19G20H19H20,L-Thyronine
20250411 GS plate 9 row 2 RLRJ.txt,E7E8F7F8,L-Serine
260318 screening wt gs plate 10 row D rj rl.txt,G10G9H10H9,Cytidine 5'-monophosphate
20250611 plate 1 ROW G.txt,M3M4N3N4,Citric acid
260318 screening wt gs plate 10 row H rj rl.txt,G3G4H3H4,Aspartic acid (calcium)
20250611 plate 8 ROW D.txt,G19G20H19H20,L-Threonine
20250611 plate 1 ROW H.txt,O7O8P7P8,4-Aminohippuric acid
20250507 rl rj screening wt gs plate 4 B3 H10.txt,A23A24B23B24,"3,3'-Diiodo-L-thyronine"
20250411 GS plate 9 row 8 RLRJ.txt,K7K8L7L8,Glycylglycine
20250411 GS plate 9 row 7 RLRJ.txt,O17O18P17P18,Biocytin
20250604 rl rj screening plate 5 row B.txt,C19C20D19D20,Tetradecanoylcarnitine
20250606 rl rj screening plate 5 row G again.txt,G10G9H10H9,Thyminose
20250611 plate 1 ROW A.txt,A5A6B5B6,(S)-Malic acid
20250606 rl rj screening plate 5 row G again.txt,G1G2H1H2,"3,4-Dihydroxymandelic acid"
250131 screening GS 15 RJ.txt,J5J6K5K6,Dihydroxyacetone phosphate (hemimagnesium hydrate)
20250507 rl rj screening wt gs plate 4 row C.txt,E19E20F19F20,Quinolinic acid
20250411 GS plate 9 row 2 RLRJ.txt,E1E2F1F2,AICAR (phosphate)
20250611 plate 8 ROW H.txt,O3O4P3P4,"N2,N2-Dimethylguanosine"
260318 screening wt gs plate 10 row H rj rl.txt,G21G22H21H22,L-Proline
20250611 plate 1 ROW B.txt,C1C2D1D2,"5,6-Dihydrouridine"
20250411 GS plate 9 row 1 RLRJ.txt,C10C9D10D9,N-Acetylornithine
20250411 GS plate 9 row 5 RLRJ.txt,K5K6L5L6,Maltopentaose
20250611 plate 1 ROW C.txt,E19E20F19F20,Ursocholic acid
20250611 plate 1 ROW F.txt,K7K8L7L8,D-(+)-Malic acid
20250606 rl rj screening plate 3 row F.txt,K19K20L19L20,DL-Mevalonolactone
20250606 rl rj screening plate 3 row C.txt,E5E6F5F6,Nerolidol
260318 screening wt gs plate 10 row F rj rl.txt,C7C8D7D8,L-Arginine (L-glutamate)
20250611 plate 8 ROW A.txt,A11A12B11B12,D-Ribose 5-phosphate (disodium)
20250411 GS plate 9 row 5 RLRJ.txt,K1K2L1L2,Pristanic acid
20250611 plate 1 ROW D.txt,G17G18H17H18,Taurocholic acid (sodium salt hydrate)
20250606 rl rj screening plate 3 row E.txt,I19I20J19J20,2-Hydroxyphenylacetic acid
20250411 GS plate 9 row 8 RLRJ.txt,K10K9L10L9,L-Aspartic aicd (sodium)
20250515 rl rj plate 2 row B.txt,C17C18D17D18,Biotin sulfone
20250611 plate 1 ROW C.txt,E13E14F13F14,D-Mannose
20250611 plate 1 ROW C.txt,E10E9F10F9,Eriodictyol
260318 screening wt gs plate 10 row F rj rl.txt,C21C22D21D22,L-Lysine hydrochloride
20250611 plate 1 ROW F.txt,K17K18L17L18,N-Acetyl-L-glutamic acid
250130 screening GS rowE plate 15 dupe RJ RL.txt,E11E12,ATP (disodium salt hydrate)
20250611 plate 8 ROW C.txt,E1E2F1F2,N-Acetyl-L-aspartic acid
20250611 plate 1 ROW H.txt,O10O9P10P9,Triolein
20250606 rl rj screening plate 5 row h again.txt,I11I12J11J12,7-Methylguanosine
20250611 plate 1 ROW E and redo of 15&16 of row D.txt,I10I9J10J9,4-​Hydroxyphenylpyruvic acid
260318 screening wt gs plate 10 row D rj rl.txt,G11G12H11H12,Histamine
260318 screening wt gs plate 10 row E rj rl.txt,A7A8B7B8,Spermidine
20250411 GS plate 9 row 2 RLRJ.txt,E13E14F13F14,Pyridoxine
20250411 GS plate 9 row 5 RLRJ.txt,K7K8L7L8,Acetoacetic acid (lithium)
20250611 plate 8 ROW B.txt,C17C18D17D18,α-D-Glucose-1-phosphate (disodium)
20250611 plate 1 ROW H.txt,O13O14P13P14,L-Lactic acid
20250611 plate 1 ROW B.txt,C7C8D7D8,Folic acid
260318 screening wt gs plate 10 row G rj rl.txt,E10E9F10F9,Hydrocinnamic acid
20250606 rl rj screening plate 3 row C.txt,E10E9F10F9,Pyruvic acid
20250411 GS plate 9 row 7 RLRJ.txt,O10O9P10P9,L-Alloisoleucine
20250604 rl rj screening plate 6 redo row C.txt,E17E18F17F18,Riboflavin
20250611 plate 8 ROW F.txt,K13K14L13L14,D-Glutamine
260318 screening wt gs plate 10 row G rj rl.txt,E5E6F5F6,L-Glutamic acid
20250411 GS plate 9 row 3 RLRJ.txt,G19G20H19H20,L-Hydroxyproline
260318 screening wt gs plate 10 row H rj rl.txt,G13G14H13H14,L-Isoleucine
20250611 plate 1 ROW B.txt,C11C12D11D12,2-Methoxybenzoic acid
20250515 rl rj plate 2 row B.txt,C7C8D7D8,Biliverdin (hydrochloride)
20250411 GS plate 9 row 6 RLRJ.txt,M5M6N5N6,1-Methylhistamine (dihydrochloride)
260318 screening wt gs plate 10 row H rj rl.txt,G15G16H15H16,D-Pipecolinic acid
20250611 plate 8 ROW E.txt,I13I14J13J14,N-Acetyl-D-mannosamine
20250611 plate 1 ROW D.txt,G15G16H15H16,N-Acetylhistamine
20250611 plate 1 ROW B.txt,C13C14D13D14,Tyramine
20250606 rl rj screening plate 3 row D.txt,G17G18H17H18,Suberylglycine
260318 screening wt gs plate 10 row C rj rl.txt,E15E16F15F16,L-Lysine
20250604 rl rj screening plate 5 row D.txt,G10G9H10H9,1-Methyladenosine
20250604 rl rj screening plate 5 row E.txt,I10I9J10J9,Indole-2-carboxylic acid
260318 screening wt gs plate 10 row H rj rl.txt,G10G9H10H9,L-Ornithine (hydrochloride)
20250411 GS plate 9 row 5 RLRJ.txt,K11K12L11L12,Spinacine
260318 screening wt gs plate 10 row G rj rl.txt,E19E20F19F20,Acetylcysteine
20250611 plate 1 ROW B.txt,C10C9D10D9,"3,4,5-Trimethoxycinnamic acid"
260318 screening wt gs plate 10 row E rj rl.txt,A15A16B15B16,trans-Aconitic acid
260318 screening wt gs plate 10 row E rj rl.txt,A11A12B11B12,D-(+)-Trehalose dihydrate
20250411 GS plate 9 row 4 RLRJ.txt,I5I6J5J6,D-Ribose 5-phosphate (disodium dihydrate)
20250611 plate 1 ROW D.txt,G5G6H5H6,2'-Deoxyadenosine monohydrate
20250507 rl rj screening wt gs plate 4 row D.txt,G17G18H17H18,3-Indolepropionic acid
20250611 plate 1 ROW E and redo of 15&16 of row D.txt,I5I6J5J6,3-Hydroxyphenylacetic acid
260318 screening wt gs plate 10 row G rj rl.txt,E15E16F15F16,Cholic acid (sodium)
20250606 rl rj screening plate 3 row F.txt,K10K9L10L9,(R)-3-Hydroxybutanoic acid
20250507 rl rj screening wt gs plate 4 row F.txt,K19K20L19L20,γ-Tocopherol
20250604 rl rj screening plate 5 row B.txt,C15C16D15D16,O-Acetylserine
20250515 rl rj plate 2 row E.txt,K5K6L5L6,Taurochenodeoxycholic acid (sodium)
20250507 rl rj screening wt gs plate 4 row G.txt,M5M6N5N6,Farnesol
20250604 rl rj screening plate 5 row F.txt,K15K16L15L16,Stearoylethanolamide
20250411 GS plate 9 row 3 RLRJ.txt,G10G9H10H9,N-Acetyllactosamine
20250411 GS plate 9 row 4 RLRJ.txt,I7I8J7J8,Aminomalonic acid
20250507 rl rj screening wt gs plate 4 row D.txt,G11G12H11H12,Cyclo(his-pro) (TFA)
20250611 plate 8 ROW F.txt,K3K4L3L4,2-Amino-5-ureidopentanoic acid
20250411 GS plate 9 row 6 RLRJ.txt,M1M2N1N2,Guanosine-5'-triphosphate (disodium salt)
260318 screening wt gs plate 10 row D rj rl.txt,G19G20H19H20,Dehydroascorbic acid
20250411 GS plate 9 row 2 RLRJ.txt,E17E18F17F18,β-cyano-L-Alanine
20250611 plate 8 ROW G.txt,M1M2N1N2,Guanidinoethyl sulfonate
20250604 rl rj screening plate 6 redo row A.txt,A5A6B5B6,Phenylglyoxylic acid
20250507 rl rj screening wt gs plate 4 row H.txt,O3O4P3P4,3-Hydroxydodecanoic acid
20250611 plate 1 ROW H.txt,O11O12P11P12,Pyridoxylamine (dihydrochloride)
20250606 rl rj screening plate 3 row F.txt,K5K6L5L6,Stearic acid
20250604 rl rj screening plate 6 redo row E.txt,I17I18J17J18,S-Adenosyl-L-methionine (disulfate tosylate)
250130 screening GS rowB 1-16 RJ.txt,B7B8,
20250604 rl rj screening plate 6 redo row D.txt,G13G14H13H14,5-Hydroxymethyl-2-furancarboxylic acid
20250606 rl rj screening plate 3 row B.txt,C15C16D15D16,6-Hydroxymelatonin
20250606 rl rj screening plate 5 row h again.txt,I17I18J17J18,Biliverdin
20250611 plate 8 ROW E.txt,I10I9J10J9,γ-Aminobutyric acid
20250611 plate 1 ROW A.txt,A1A2B1B2,3-(3-Hydroxyphenyl)propionic acid
20250411 GS plate 9 row 7 RLRJ.txt,O13O14P13P14,L-Methionine sulfoxide
20250507 rl rj screening wt gs plate 4 row B.txt,C3C4D3D4,L-Thyroxine
20250604 rl rj screening plate 5 row C.txt,E10E9F10F9,Guanidinosuccinic acid
20250604 rl rj screening plate 5 row B.txt,C10C9D10D9,Cytosine
20250611 plate 1 ROW B.txt,C19C20D19D20,Umbelliferone
20250611 plate 8 ROW B.txt,C1C2D1D2,Spermine (tetrahydrochloride)
20250411 GS plate 9 row 7 RLRJ.txt,O11O12P11P12,CMP-Sialic acid (sodium salt)
20250611 plate 1 ROW H.txt,O17O18P17P18,"2,6-Dimethoxybenzoic acid"
260318 screening wt gs plate 10 row A rj rl.txt,A17A18B17B18,α-D-Glucose-1-phosphate (disodium hydrate)
20250507 rl rj screening wt gs plate 4 row H.txt,O10O9P10P9,Lithocholic acid
20250604 rl rj screening plate 5 row E.txt,I17I18J17J18,Arachidic acid
20250611 plate 8 ROW E.txt,I3I4J3J4,L-Prolylglycine
20250515 rl rj plate 2 row C.txt,G11G12H11H12,Methylcobalamin
20250604 rl rj screening plate 6 redo row F plus D11.txt,K13K14L13L14,Trimethylamine N-oxide
20250507 rl rj screening wt gs plate 4 row A.txt,A7A8B7B8,Taurochenodeoxycholic acid
20250611 plate 1 ROW F.txt,K5K6L5L6,Niacin
20250411 GS plate 9 row 2 RLRJ.txt,E19E20F19F20,L-Ornithine
20250611 plate 1 ROW E and redo of 15&16 of row D.txt,I15I16J15J16,"1,2-Cyclohexanedione"
20250507 rl rj screening wt gs plate 4 row D.txt,G13G14H13H14,3-Hydroxycapric acid
20250411 GS plate 9 row 6 RLRJ.txt,M11M12N11N12,N-Acetylserine
20250515 rl rj plate 2 row C.txt,G19G20H19H20,2-Methoxyestradiol
20250606 rl rj screening plate 3 row E.txt,I11I12J11J12,7-Methylxanthine
20250611 plate 1 ROW F.txt,K1K2L1L2,2-Furoylglycine
20250507 rl rj screening wt gs plate 4 row D.txt,G15G16H15H16,L-Dihydroorotic acid
20250606 rl rj screening plate 3 row A.txt,A11A12B11B12,Pseudouridine
20250411 GS plate 9 row 3 RLRJ.txt,G13G14H13H14,L-2-Hydroxyglutaric acid (disodium)
260318 screening wt gs plate 10 row G rj rl.txt,E3E4F3F4,L-Glutamic acid (monosodium salt)
20250606 rl rj screening plate 3 row H.txt,O13O14P13P14,Desaminotyrosine
20250606 rl rj screening plate 5 row h again.txt,I13I14J13J14,Orotic acid
20250604 rl rj screening plate 6 redo row C.txt,E15E16F15F16,Urea
20250611 plate 1 ROW A.txt,A7A8B7B8,L-Arabinitol
20250507 rl rj screening wt gs plate 4 row F.txt,K15K16L15L16,Isovalerylcarnitine
20250515 rl rj plate 2 row D.txt,I7I8J7J8,Asymmetric dimethylarginine
20250515 rl rj plate 2 row G.txt,O17O18P17P18,Hydroxocobalamin (acetate)
20250411 GS plate 9 row 1 RLRJ.txt,C3C4D3D4,Vitamin K1
20250611 plate 1 ROW H.txt,O3O4P3P4,3-Hydroxybenzoic acid
20250606 rl rj screening plate 3 row C.txt,E15E16F15F16,Inosine
20250411 GS plate 9 row 3 RLRJ.txt,G3G4H3H4,3-Methyluridine
20250604 rl rj screening plate 5 row E.txt,I13I14J13J14,Hydroxocobalamin (monohydrochloride)
20250606 rl rj screening plate 3 row C.txt,E17E18F17F18,Aminoadipic acid
20250604 rl rj screening plate 5 row F.txt,K17K18L17L18,D-Erythro-dihydrosphingosine
20250604 rl rj screening plate 5 row B.txt,C13C14D13D14,Deoxycholic acid
250130 screening GS rowE plate 15 dupe RJ RL.txt,E5E6,Dihydroxyacetone phosphate (hemimagnesium hydrate)
260318 screening wt gs plate 10 row G rj rl.txt,E7E8F7F8,Thymidine-5'-monophosphate (disodium) salt
20250515 rl rj plate 2 row E.txt,K17K18L17L18,Gamma-glutamylcysteine (TFA)
250131 screening GS 15 RJ.txt,J10J9K10K9,"Glycogen, Mussel"
20250606 rl rj screening plate 5 row h again.txt,I1I2J1J2,2'-O-Methyladenosine
20250611 plate 1 ROW A.txt,A13A14B13B14,2-Hydroxycinnamic acid
20250604 rl rj screening plate 6 redo row B.txt,C11C12D11D12,Vanillylmandelic acid
250127 screening GS plate 11 RJ 6.txt,M11M12N11N12,L-Aspartic aicd (disodium)
20250604 rl rj screening plate 6 redo row B.txt,C15C16D15D16,N-Acetyl-L-arginine
20250606 rl rj screening gs - ctrl.txt,C19C20D19D20,CONTROL
20250611 plate 1 ROW B.txt,C17C18D17D18,Kynurenic acid
20250604 rl rj screening plate 6 redo row C.txt,E1E2F1F2,Gallic acid (hydrate)
20250604 rl rj screening plate 6 redo row B.txt,C13C14D13D14,D-Ornithine (hydrochloride)
20250606 rl rj screening plate 3 row G redo.txt,K19K20L19L20,Phenylpyruvic acid
20250515 rl rj plate 2 row F.txt,M15M16N15N16,meso-Erythritol
260318 screening wt gs plate 10 row E rj rl.txt,A10A9B10B9,Trimethylamine N-oxide (dihydrate)
260318 screening wt gs plate 10 row E rj rl.txt,A19A20B19B20,Disodium succinate
20250507 rl rj screening wt gs plate 4 row G.txt,M17M18N17N18,Gamma-Linolenic acid
260318 screening wt gs plate 10 row E rj rl.txt,A5A6B5B6,D-α-Hydroxyglutaric acid (disodium)
20250507 rl rj screening wt gs plate 4 row G.txt,M15M16N15N16,5'-Deoxyadenosine
20250604 rl rj screening plate 6 redo row F plus D11.txt,K11K12L11L12,D-Panthenol
20250611 plate 8 ROW C.txt,E3E4F3F4,N-Glycolylneuraminic acid
20250507 rl rj screening wt gs plate 4 row B.txt,C15C16D15D16,Oleic acid
20250606 rl rj screening plate 3 row B.txt,C7C8D7D8,3'-O-Methylguanosine
250127 screening GS plate 11 RJ 6.txt,M10M9N10N9,NADP
20250606 rl rj screening plate 5 row G again.txt,G17G18H17H18,Epsilon-(gamma-glutamyl)-lysine (TFA)
20250606 rl rj screening plate 3 row G redo.txt,K5K6L5L6,Isobutyryl-L-carnitine (chloride)
20250507 rl rj screening wt gs plate 4 row G.txt,M11M12N11N12,Eicosadienoic acid
20250515 rl rj plate 2 row D.txt,I19I20J19J20,Glycochenodeoxycholic acid sodium salt
20250507 rl rj screening wt gs plate 4 row H.txt,O13O14P13P14,(S)-2-acetamido-4-amino-4-oxobutanoic acid
20250606 rl rj screening plate 3 row F.txt,K7K8L7L8,Cortisone
20250606 rl rj screening plate 3 row G redo.txt,K7K8L7L8,N-Methylhydantoin
20250411 GS plate 9 row 6 RLRJ.txt,M15M16N15N16,Lithium citrate (tetrahydrate)
20250611 plate 1 ROW B.txt,C5C6D5D6,5-Hydroxymethyluracil
20250606 rl rj screening plate 3 row F.txt,K13K14L13L14,α-Tocotrienol
260318 screening wt gs - ctrl rj rl.txt,J17J18K17K18,CONTROL
20250606 rl rj screening plate 3 row G redo.txt,K13K14L13L14,4-Hydroxynonenal
20250515 rl rj plate 2 row A.txt,A3A4B3B4,Ethylmalonic acid
20250606 rl rj screening plate 3 row G redo.txt,K17K18L17L18,5-Methoxyindole-3-acetic acid
20250604 rl rj screening plate 6 redo row E.txt,I21I22J21J22,SAH
20250507 rl rj screening wt gs plate 4 row G.txt,M10M9N10N9,5-Methyl-2'-deoxycytidine
20250604 rl rj screening plate 5 row D.txt,G11G12H11H12,7-Ketolithocholic acid
20250611 plate 8 ROW E.txt,I1I2J1J2,L-Leucine
260318 screening wt gs plate 10 row G rj rl.txt,E17E18F17F18,D-chiro-Inositol
20250606 rl rj screening plate 3 row E.txt,I13I14J13J14,(-)-Fucose
20250604 rl rj screening plate 6 redo row B.txt,C10C9D10D9,Vanillin
20250411 GS plate 9 row 4 RLRJ.txt,I1I2J1J2,D-Pantothenic acid (sodium)
20250411 GS plate 9 row 6 RLRJ.txt,M3M4N3N4,5-Methoxytryptophol
20250604 rl rj screening plate 6 redo row E.txt,I11I12J11J12,Tyramine (hydrochloride)
20250604 rl rj screening plate 5 row D.txt,G15G16H15H16,L-Palmitoylcarnitine (chloride)
20250604 rl rj screening plate 5 row C.txt,E5E6F5F6,Cysteamine (hydrochloride)
20250604 rl rj screening plate 5 row C.txt,E13E14F13F14,Glycocholic acid
250130 screening GS rowE plate 15 dupe RJ RL.txt,E1E2,Heparan Sulfate
20250507 rl rj screening wt gs plate 4 row G.txt,M19M20N19N20,p-Cresyl sulfate (potassium)
20250611 plate 8 ROW E.txt,I7I8J7J8,ATP (disodium trihydrate)
20250604 rl rj screening plate 6 redo row E.txt,I19I20J19J20,CONTROL (supposed to be SAH but it was empty)
20250515 rl rj plate 2 row F.txt,M10M9N10N9,Hydroxocobalamin
20250604 rl rj screening plate 6 redo row B.txt,C19C20D19D20,Dephospho-CoA
260318 screening wt gs plate 10 row B rj rl.txt,C10C9D10D9,Isomaltose
20250604 rl rj screening plate 6 redo row B.txt,C5C6D5D6,Indole
20250606 rl rj screening plate 3 row A.txt,A5A6B5B6,L-Ascorbic acid
20250611 plate 8 ROW E.txt,I17I18J17J18,4-Guanidinobutanoic acid
20250411 GS plate 9 row 1 RLRJ.txt,C1C2D1D2,Galactose 1-phosphate Potassium salt
20250515 rl rj plate 2 row H backwards.txt,O15O16P15P16,N-Acetyl-5-hydroxytryptamine
20250515 rl rj plate 2 row C.txt,G3G4H3H4,Prostaglandin E2
20250411 GS plate 9 row 6 RLRJ.txt,M19M20N19N20,L-Ascorbic acid (sodium salt)
20250604 rl rj screening plate 6 redo row B.txt,C7C8D7D8,N-Oleoyl glycine
20250411 GS plate 9 row 7 RLRJ.txt,O19O20P19P20,D(-)-2-Aminobutyric acid
20250604 rl rj screening plate 6 redo row E.txt,I7I8J7J8,D-Sorbitol
250130 screening GS rowB 1-16 RJ.txt,B15B16,
20250606 rl rj screening plate 5 row G again.txt,G3G4H3H4,L-Glyceric acid (sodium)
20250515 rl rj plate 2 row D.txt,I15I16J15J16,Garcinol
250130 screening GS rowE plate 15 dupe RJ RL.txt,E3E4,Chondroitin sulfate
20250604 rl rj screening plate 5 row D.txt,G13G14H13H14,i-Inositol
20250604 rl rj screening plate 6 redo row H.txt,O1O2P1P2,Acetylcholine (chloride)
20250507 rl rj screening wt gs plate 4 row D.txt,G7G8H7H8,"N,N'-Diacetylchitobiose"
20250606 rl rj screening plate 3 row E.txt,I7I8J7J8,sn-Glycero-3-phosphocholine
20250604 rl rj screening plate 5 row C.txt,E1E2F1F2,Isorhamnetin
20250604 rl rj screening plate 5 row F.txt,K13K14L13L14,Tauroursodeoxycholate (sodium)
20250507 rl rj screening wt gs plate 4 row G.txt,M7M8N7N8,Hypoxanthine
20250611 plate 1 ROW B.txt,C3C4D3D4,γ-Cyclodextrin
20250604 rl rj screening plate 5 row E.txt,I15I16J15J16,Thiamine (hydrochloride)
260318 screening wt gs plate 10 row B rj rl.txt,C17C18D17D18,Inosinic acid
20250507 rl rj screening wt gs control.txt,A13A14B13B14,CONTROL
20250604 rl rj screening plate 6 redo row E.txt,I10I9J10J9,Stachydrine hydrochloride
20250604 rl rj screening plate 6 redo row G.txt,M1M2N1N2,Glutaric acid
20250515 rl rj plate 2 row A.txt,A19A20B19B20,2-Phenylacetamide
20250604 rl rj screening plate 5 row B.txt,C17C18D17D18,(R)-pyrrolidine-2-carboxylic acid
20250604 rl rj screening plate 6 redo row D.txt,G10G9H10H9,"4,6-O-Ethylidene-α-D-glucose"
20250606 rl rj screening plate 3 row G redo.txt,K10K9L10L9,Glutarylcarnitine (lithium)
20250604 rl rj screening plate 5 row F.txt,K5K6L5L6,Salicyluric acid
20250606 rl rj screening plate 3 row D.txt,G11G12H11H12,Lipoic acid
250130 screening GS rowB 1-16 RJ.txt,B3B4,
20250606 rl rj screening plate 3 row B.txt,C19C20D19D20,Stachydrine
20250604 rl rj screening plate 6 redo row G.txt,M3M4N3N4,Malic acid
20250606 rl rj screening plate 3 row E.txt,I15I16J15J16,Oxytocin
20250411 GS plate 9 row 7 RLRJ.txt,O15O16P15P16,L-Ascorbic acid 2-phosphate (magnesium)
20250515 rl rj plate 2 row G.txt,O15O16P15P16,C16-PAF
260318 screening wt gs plate 10 row B rj rl.txt,C13C14D13D14,Anserine
20250507 rl rj screening wt gs plate 4 row D.txt,G3G4H3H4,(E)-m-Coumaric acid
20250606 rl rj screening plate 3 row F.txt,K17K18L17L18,7-Methylguanine
260318 screening wt gs plate 10 row B rj rl.txt,C7C8D7D8,Spaglumic Acid
20250515 rl rj plate 2 row B.txt,C10C9D10D9,5-Hydroxyferulic acid
260318 screening wt gs plate 10 row H rj rl.txt,G5G6H5H6,L-Arginine (hydrochloride)
20250515 rl rj plate 2 row D.txt,I11I12J11J12,Vasopressin
20250604 rl rj screening plate 5 row B.txt,C5C6D5D6,Tauroursodeoxycholate (dihydrate)
20250611 plate 1 ROW A.txt,A17A18B17B18,trans-Cinnamic acid
20250515 rl rj plate 2 row C.txt,G1G2H1H2,5-Methyluridine
250130 screening GS rowB 1-16 RJ.txt,B13B14,
20250604 rl rj screening plate 5 row B.txt,C3C4D3D4,Homovanillic acid
20250606 rl rj screening plate 3 row H.txt,O7O8P7P8,3-Hydroxymandelic Acid
20250604 rl rj screening plate 6 redo row F plus D11.txt,K3K4L3L4,2-Hydroxy-3-methylbutanoic acid
20250604 rl rj screening plate 6 redo row D.txt,G15G16H15H16,L-Tartaric acid
20250604 rl rj screening plate 6 redo row H.txt,O10O9P10P9,Kynurenic acid (sodium)
20250604 rl rj screening plate 5 row D.txt,G7G8H7H8,Indole-3-carbinol
20250604 rl rj screening plate 6 redo row G.txt,M17M18N17N18,1-Hydroxyoctadecane
20250604 rl rj screening plate 6 redo row E.txt,I3I4J3J4,"N1,N8-Diacetylspermidine (hydrochloride)"
20250515 rl rj plate 2 row H backwards.txt,O17O18P17P18,12-Hydroxydodecanoic acid
20250515 rl rj plate 2 row C.txt,G7G8H7H8,p-Coumaric acid
260318 screening wt gs plate 10 row A rj rl.txt,A3A4B3B4,Citric acid (tripotassium hydrate)
20250604 rl rj screening plate 6 redo row G.txt,M5M6N5N6,Allantoin
20250604 rl rj screening plate 6 redo row B.txt,C1C2D1D2,Citraconic acid
20250515 rl rj plate 2 row A.txt,A7A8B7B8,Eicosapentaenoic Acid
20250507 rl rj screening wt gs plate 4 row F.txt,K11K12L11L12,all-trans-4-Oxoretinoic acid
20250606 rl rj screening plate 3 row F.txt,K11K12L11L12,N-(5-Aminopentyl)acetamide
20250515 rl rj plate 2 row E.txt,K11K12L11L12,Salicin
20250507 rl rj screening wt gs plate 4 row A.txt,A10A9B10B9,Hexylresorcinol
20250604 rl rj screening plate 5 row E.txt,I11I12J11J12,Valdecoxib
20250604 rl rj screening plate 6 redo row D.txt,G7G8H7H8,Nicotinuric acid
20250411 GS plate 9 row 3 RLRJ.txt,G11G12H11H12,Guanosine 5'-triphosphate-5'-adenosine (triammonium)
250127 screening GS plate 11 RJ 6.txt,M13M14N13N14,[Leu5]-Enkephalin
20250507 rl rj screening wt gs plate 4 row C.txt,E17E18F17F18,"N1,N8-Diacetylspermidine"
20250507 rl rj screening wt gs plate 4 row A.txt,A1A2B1B2,L-Kynurenine
20250515 rl rj plate 2 row A.txt,A15A16B15B16,N-Acetyl-D-glucosamine
20250507 rl rj screening wt gs plate 4 row B.txt,C17C18D17D18,D-(+)-Cellobiose
20250604 rl rj screening plate 6 redo row F plus D11.txt,K17K18L17L18,2′-Deoxyadenosine 5′-monophosphate (disodium)
20250604 rl rj screening plate 6 redo row D.txt,G11G12H11H12,Uracil
20250604 rl rj screening plate 5 row C.txt,E19E20F19F20,4-Pyridoxic acid
260318 screening wt gs plate 10 row E rj rl.txt,A13A14B13B14,Phosphonoacetic acid
20250611 plate 1 ROW A.txt,A10A9B10B9,Xanthotoxol
20250604 rl rj screening plate 6 redo row E.txt,I15I16J15J16,trans-Urocanic acid
20250507 rl rj screening wt gs plate 4 row A.txt,A3A4B3B4,Nicotinamide riboside (chloride)
20250606 rl rj screening plate 3 row A.txt,A7A8B7B8,Squalene
250130 screening GS rowB 1-16 RJ.txt,B11B12,
20250606 rl rj screening plate 3 row C.txt,E11E12F11F12,"7,8-Dihydro-L-biopterin"
260318 screening wt gs plate 10 row A rj rl.txt,A5A6B5B6,H-HoArg-OH
20250515 rl rj plate 2 row E.txt,K15K16L15L16,Arachidonic acid
20250515 rl rj plate 2 row D.txt,I10I9J10J9,2-Amino-1-phenylethanol
20250515 rl rj plate 2 row A.txt,A17A18B17B18,Gondoic acid
20250604 rl rj screening plate 5 row E.txt,I19I20J19J20,LysoPC(14:0/0:0)
20250515 rl rj plate 2 row E.txt,K13K14L13L14,3-Methylbut-2-enoic acid
20250604 rl rj screening plate 6 redo row A.txt,A19A20B19B20,Creatinine
20250606 rl rj screening plate 3 row A.txt,A19A20B19B20,3-(Methylthio)propionic acid
20250606 rl rj screening plate 3 row E.txt,I5I6J5J6,p-Hydroxycinnamic acid
20250411 GS plate 9 row 2 RLRJ.txt,E10E9F10F9,Spermine
250130 screening GS rowB 1-16 RJ.txt,B1B2,
20250606 rl rj screening plate 3 row D.txt,G15G16H15H16,3-Indoleacetonitrile
250130 screening GS rowB 1-16 RJ.txt,B10B9,
260318 screening wt gs plate 10 row C rj rl.txt,E5E6F5F6,L-Carnosine
260318 screening wt gs plate 10 row A rj rl.txt,A13A14B13B14,DL-Norvaline
20250515 rl rj plate 2 row D.txt,I13I14J13J14,Thiamine nitrate
250130 screening GS rowE plate 15 dupe RJ RL.txt,E10E9,"Glycogen, Mussel"
20250606 rl rj screening plate 3 row A.txt,A17A18B17B18,Stachyose (tetrahydrate)
20250507 rl rj screening wt gs plate 4 row C.txt,E1E2F1F2,(S)-2-Hydroxy-3-phenylpropanoic acid
260318 screening wt gs plate 10 row D rj rl.txt,G15G16H15H16,D-Gluconic acid (calcium hydrate)
20250606 rl rj screening plate 3 row H.txt,O5O6P5P6,Oleamide
20250507 rl rj screening wt gs plate 4 row C.txt,E7E8F7F8,(R)-3-Hydroxybutanoic acid (sodium)
20250606 rl rj screening plate 3 row B.txt,C10C9D10D9,"1,3,7-Trimethyluric acid"
20250507 rl rj screening wt gs plate 4 row C.txt,E13E14F13F14,"4,6-Dioxoheptanoic acid"
20250606 rl rj screening plate 5 row h again.txt,I7I8J7J8,Cholic acid
20250604 rl rj screening plate 5 row F.txt,K7K8L7L8,Melilotic acid
20250611 plate 8 ROW H.txt,O5O6P5P6,L-Carnitine
20250606 rl rj screening plate 3 row F.txt,K3K4L3L4,Dinoprost (tromethamine salt)
20250604 rl rj screening plate 6 redo row D.txt,G1G2H1H2,Manninotriose
260318 screening wt gs plate 10 row B rj rl.txt,C19C20D19D20,Guanosine 5'-diphosphate (disodium salt)
20250604 rl rj screening plate 5 row D.txt,G3G4H3H4,3-Methyl-2-oxovaleric acid
20250411 GS plate 9 row 1 RLRJ.txt,C5C6D5D6,2'-Deoxycytidine-5'-monophosphoric acid
250130 screening GS rowB 1-16 RJ.txt,B5B6,
20250604 rl rj screening plate 6 redo row F plus D11.txt,K10K9L10L9,Octopamine (hydrochloride)
20250507 rl rj screening wt gs plate 4 row E.txt,I19I20J19J20,1-Hydroxy-2-butanone
20250604 rl rj screening plate 6 redo row D.txt,G5G6H5H6,5-Methylcytidine
20250507 rl rj screening wt gs plate 4 row E.txt,I15I16J15J16,Tryptophol
20250515 rl rj plate 2 row H backwards.txt,O10O9P10P9,5-Hydroxytryptophol
260318 screening wt gs plate 10 row E rj rl.txt,A3A4B3B4,L-Cysteine (hydrochloride)
20250507 rl rj screening wt gs plate 4 row B.txt,C19C20D19D20,Glycohyodeoxycholic acid
20250604 rl rj screening plate 6 redo row A.txt,A15A16B15B16,"2,6-Dimethylhydroquinone"
20250606 rl rj screening plate 3 row A.txt,A1A2B1B2,9-cis-Retinoic acid
250130 screening GS rowE plate 15 dupe RJ RL.txt,E7E8,"Glycogen, Oysters"
20250604 rl rj screening plate 6 redo row A.txt,A13A14B13B14,Indole-3-butyric acid
20250606 rl rj screening plate 3 row G redo.txt,K3K4L3L4,Indolelactic acid
20250604 rl rj screening plate 6 redo row A.txt,A17A18B17B18,"3-(3,4,5-Trimethoxyphenyl)propanoic acid"
20250604 rl rj screening plate 5 row D.txt,G19G20H19H20,8-Azaguanine
20250604 rl rj screening plate 6 redo row F plus D11.txt,K1K2L1L2,Lactose
20250515 rl rj plate 2 row H backwards.txt,O11O12P11P12,Tetrahydrobiopterin
20250611 plate 1 ROW G.txt,M1M2N1N2,"1,3-Dimethyluric acid"
20250604 rl rj screening plate 6 redo row G.txt,M13M14N13N14,2'-Deoxycytidine
20250604 rl rj screening plate 6 redo row B try 2.txt,E15E16F15F16,N-Acetyl-L-arginine
260318 screening wt gs plate 10 row C rj rl.txt,E7E8F7F8,2-Hydroxyadipic acid
20250507 rl rj screening wt gs plate 4 row A.txt,A19A20B19B20,Urocanic acid
20250515 rl rj plate 2 row B.txt,C11C12D11D12,D-Glucuronic acid lactone
20250606 rl rj screening plate 5 row G again.txt,G15G16H15H16,Docosapentaenoic acid (22n-3)
20250604 rl rj screening plate 6 redo row H.txt,O5O6P5P6,Decanedioic acid
20250606 rl rj screening plate 5 row G again.txt,G5G6H5H6,Guanidine (hydrochloride)
20250604 rl rj screening plate 6 redo row B try 2.txt,E17E18F17F18,2'-Deoxyguanosine
20250606 rl rj screening plate 3 row C.txt,E13E14F13F14,(R)-Pantetheine
20250606 rl rj screening plate 3 row H.txt,O15O16P15P16,N4-Acetylcytidine
20250507 rl rj screening wt gs plate 4 row B.txt,C13C14D13D14,p-Cresyl sulfate
20250611 plate 1 ROW A.txt,A3A4B3B4,Mucic acid
20250611 plate 1 ROW B.txt,C15C16D15D16,Ac-β-Ala-OH
250130 screening GS plate 13 rowA 1-16 RJ.txt,A5A6,Liothyronine (sodium)
20250515 rl rj plate 2 row C.txt,G17G18H17H18,Abscisic acid
20250507 rl rj screening wt gs plate 4 row B.txt,C7C8D7D8,3-Hydroxyhippuric acid
20250515 rl rj plate 2 row H backwards.txt,O19O20P19P20,2'-Deoxyinosine
20250411 GS plate 9 row 2 RLRJ.txt,E5E6F5F6,Adenosine 5'-diphosphate
20250606 rl rj screening plate 3 row A.txt,A10A9B10B9,β-Caryophyllene
20250515 rl rj plate 2 row F.txt,M19M20N19N20,5-Methylcytosine
20250507 rl rj screening wt gs plate 4 row A.txt,A17A18B17B18,Allantoic acid
20250515 rl rj plate 2 row A.txt,A13A14B13B14,Adipic acid
20250604 rl rj screening plate 6 redo row G.txt,M11M12N11N12,Bovinic acid
20250604 rl rj screening plate 6 redo row E.txt,I13I14J13J14,Arabinose
20250604 rl rj screening plate 6 redo row B try 2.txt,E10E9F10F9,Vanillin
20250604 rl rj screening plate 6 redo row A.txt,A11A12B11B12,Meglutol
20250604 rl rj screening plate 5 row A.txt,A5A6B5B6,2-Hydroxyhexanoic acid
20250604 rl rj screening plate 6 redo row H.txt,O15O16P15P16,Fumaric acid
20250606 rl rj screening plate 3 row H.txt,O10O9P10P9,O-Nornuciferine
20250606 rl rj screening plate 3 row H.txt,O19O20P19P20,Mycophenolic acid
20250604 rl rj screening plate 6 redo row H.txt,O17O18P17P18,alpha-D-glucose
20250515 rl rj plate 2 row A.txt,A10A9B10B9,Kyotorphin
20250515 rl rj plate 2 row C.txt,G10G9H10H9,O-Acetyl-L-serine (hydrochloride)
20250515 rl rj plate 2 row G.txt,O19O20P19P20,Methylmalonic acid
20250611 plate 8 ROW H.txt,O1O2P1P2,5-Aminovaleric acid
260318 screening wt gs plate 10 row B rj rl.txt,C5C6D5D6,H-Val-Ala-OH
20250515 rl rj plate 2 row E.txt,K7K8L7L8,Octanoic acid
20250606 rl rj screening plate 3 row B.txt,C17C18D17D18,Deoxycholic acid sodium salt
20250604 rl rj screening plate 6 redo row E.txt,I1I2J1J2,3-Methylglutaric acid
20250507 rl rj screening wt gs plate 4 row C.txt,E15E16F15F16,8-Hydroxy-2'-deoxyguanosine
20250604 rl rj screening plate 6 redo row A.txt,A10A9B10B9,NADH (disodium salt)
20250604 rl rj screening plate 5 row F.txt,K11K12L11L12,Skatole
20250515 rl rj plate 2 row D.txt,I5I6J5J6,Uridine 5'-monophosphate
20250515 rl rj plate 2 row B.txt,C13C14D13D14,D-Ribose(mixture of isomers)
20250515 rl rj plate 2 row H backwards.txt,O7O8P7P8,Taurocholic acid (sodium)
20250515 rl rj plate 2 row F.txt,M7M8N7N8,Delta-Tocopherol
20250515 rl rj plate 2 row C.txt,G13G14H13H14,Pyridoxine (hydrochloride)
20250507 rl rj screening wt gs plate 4 row E.txt,I17I18J17J18,Adenine
250131 screening GS 15 RJ.txt,J3J4K3K4,Chondroitin sulfate
20250515 rl rj plate 2 row E.txt,K19K20L19L20,Choline (chloride)
20250515 rl rj plate 2 row C.txt,G15G16H15H16,2'-Deoxyadenosine-5'-monophosphate
20250606 rl rj screening plate 3 row G redo.txt,K11K12L11L12,Acetylvaline
260318 screening wt gs plate 10 row B rj rl.txt,C11C12D11D12,Methionine sulfoxide
20250507 rl rj screening wt gs plate 4 row G.txt,M3M4N3N4,Aceglutamide
250130 screening GS rowC plate 14-15 1-12 RJ RL.txt,C10C9,L-Cystathionine
20250507 rl rj screening wt gs plate 4 row B.txt,C11C12D11D12,Acetylcholine (iodide)
20250515 rl rj plate 2 row H backwards.txt,O13O14P13P14,3-Methyl-2-oxobutanoic acid
20250604 rl rj screening plate 5 row A.txt,A11A12B11B12,Oxoadipic acid
20250515 rl rj plate 2 row E.txt,K10K9L10L9,Glycoursodeoxycholic acid
20250515 rl rj plate 2 row A.txt,A5A6B5B6,3-Amino-2-piperidinone
20250604 rl rj screening plate 6 redo row B.txt,C3C4D3D4,Oxindole
20250507 rl rj screening wt gs plate 4 row C.txt,E10E9F10F9,Bilobalide
20250604 rl rj screening plate 6 redo row H.txt,O11O12P11P12,Cinnamoylglycine
260318 screening wt gs plate 10 row D rj rl.txt,G17G18H17H18,ATP (dimagnesium)
20250604 rl rj screening plate 5 row E.txt,I3I4J3J4,N-Isovaleroylglycine
20250604 rl rj screening plate 6 redo row F plus D11.txt,K15K16L15L16,Dodecanoylcarnitine
20250507 rl rj screening wt gs plate 4 row A.txt,A11A12B11B12,3-Methoxytyramine
20250507 rl rj screening wt gs plate 4 row G.txt,M1M2N1N2,2(5H)-Furanone
20250611 plate 1 ROW A.txt,A19A20B19B20,Adenine (hemisulfate)
20250606 rl rj screening plate 5 row h again.txt,I10I9J10J9,5-Aminolevulinic acid (hydrochloride)
20250515 rl rj plate 2 row C.txt,G5G6H5H6,Vitamin B12
20250507 rl rj screening wt gs plate 4 row C.txt,E11E12F11F12,Adenosine monophosphate
20250604 rl rj screening plate 6 redo row C.txt,E5E6F5F6,Folinic acid
20250507 rl rj screening wt gs plate 4 row H.txt,O15O16P15P16,Xylose
20250604 rl rj screening plate 6 redo row A.txt,A3A4B3B4,Hydroxyacetone
20250604 rl rj screening plate 6 redo row H.txt,O19O20P19P20,3-Methylglutaconic acid
20250606 rl rj screening plate 3 row H.txt,O3O4P3P4,Isovaleric acid
20250604 rl rj screening plate 6 redo row B try 2.txt,E7E8F7F8,N-Oleoyl glycine
20250604 rl rj screening plate 6 redo row F plus D11.txt,K7K8L7L8,Hexadecanedioic acid
20250604 rl rj screening plate 5 row E.txt,I7I8J7J8,3-Hydroxybutyric acid (sodium)
20250507 rl rj screening wt gs plate 4 row B.txt,C5C6D5D6,Nervonic acid
20250606 rl rj screening plate 3 row B.txt,C13C14D13D14,(R)-(+)-Citronellal
20250507 rl rj screening wt gs plate 4 row F.txt,K17K18L17L18,N-Acetylputrescine hydrochloride
20250606 rl rj screening plate 3 row E.txt,I10I9J10J9,Methyl vanillate
20250515 rl rj plate 2 row G.txt,O1O2P1P2,Adenosine-2'-monophosphate
20250604 rl rj screening plate 6 redo row D.txt,G3G4H3H4,Phenylacetylglutamine
20250604 rl rj screening plate 5 row B.txt,C7C8D7D8,"3-(2,4-Dihydroxyphenyl)propanoic acid"
20250604 rl rj screening plate 6 redo row B try 2.txt,E11E12F11F12,Vanillylmandelic acid
20250604 rl rj screening plate 6 redo row A.txt,A7A8B7B8,p-Anisic acid
20250515 rl rj plate 2 row D.txt,I1I2J1J2,2-Hydroxy-2-methylbutanoic acid
260318 screening wt gs plate 10 row B rj rl.txt,C15C16D15D16,Gluconate (sodium)
20250606 rl rj screening plate 3 row F.txt,K15K16L15L16,H-Val-Tyr-OH
250130 screening GS plate 13 rowA 1-16 RJ.txt,A10A9,Docosanoic acid
20250604 rl rj screening plate 5 row F.txt,K10K9L10L9,Norepinephrine (hydrochloride)
20250507 rl rj screening wt gs plate 4 row B.txt,C10C9D10D9,Choline (bitartrate)
20250604 rl rj screening plate 6 redo row B.txt,C17C18D17D18,2'-Deoxyguanosine
20250507 rl rj screening wt gs plate 4 row D.txt,G5G6H5H6,3-Hydroxyvaleric acid
20250604 rl rj screening plate 5 row D.txt,G5G6H5H6,D-​(+)​-​Phenyllactic acid
20250604 rl rj screening plate 6 redo row B try 2.txt,E3E4F3F4,Oxindole
250130 screening GS plate 13 rowA 1-16 RJ.txt,A11A12,Palmitoylethanolamide
20250515 rl rj plate 2 row H backwards.txt,O5O6P5P6,2'-Deoxyguanosine monohydrate
20250606 rl rj screening plate 3 row G redo.txt,K15K16L15L16,Formic acid (ammonium)
20250611 plate 8 ROW E.txt,I5I6J5J6,"1,5-Anhydrosorbitol"
20250611 plate 1 ROW H.txt,O1O2P1P2,Xylitol
20250606 rl rj screening plate 3 row A.txt,A13A14B13B14,D-Pantothenic acid (hemicalcium salt)
20250507 rl rj screening wt gs plate 4 row H.txt,O5O6P5P6,Dihydrocaffeic acid
20250507 rl rj screening wt gs plate 4 row E.txt,I1I2J1J2,3-Methoxy-4-hydroxyphenylglycol
20250515 rl rj plate 2 row G.txt,O11O12P11P12,L-Ribulose
20250604 rl rj screening plate 5 row A.txt,A10A9B10B9,α-Lactose (hydrate)
20250507 rl rj screening wt gs plate 4 row C.txt,E5E6F5F6,TRIA-662
20250604 rl rj screening plate 5 row E.txt,I1I2J1J2,L-(+)-Arabinose
20250604 rl rj screening plate 5 row F.txt,K1K2L1L2,Pyridoxylamine
250130 screening GS plate 13 rowA 1-16 RJ.txt,A15A16,3-Amino-4-methylpentanoic acid
20250515 rl rj plate 2 row B.txt,C19C20D19D20,Phenylacetylglycine
20250411 GS plate 9 row 2 RLRJ.txt,E11E12F11F12,Maleic Acid
20250604 rl rj screening plate 5 row D.txt,G1G2H1H2,2-Methylsuccinic acid
20250515 rl rj plate 2 row B.txt,C3C4D3D4,AFMK
20250515 rl rj plate 2 row D.txt,I17I18J17J18,5'-Methylthioadenosine
20250515 rl rj plate 2 row A.txt,A11A12B11B12,DL-3-Phenyllactic acid
20250604 rl rj screening plate 5 row C.txt,E7E8F7F8,Mevalonic acid (lithium salt)
260318 screening wt gs plate 10 row H rj rl.txt,G17G18H17H18,4-Amino-L-phenylalanine
250130 screening GS rowC plate 14-15 1-12 RJ RL.txt,C5C6,Cyclic AMP
20250411 GS plate 9 row 7 RLRJ.txt,O5O6P5P6,Adenylosuccinic acid (tetraammonium)
20250515 rl rj plate 2 row G.txt,O13O14P13P14,Thyroxine sulfate
20250606 rl rj screening plate 3 row C.txt,E1E2F1F2,(S)-2-Hydroxybutanoic acid
20250515 rl rj plate 2 row F.txt,M3M4N3N4,4-Methyl-2-oxopentanoic acid
250130 screening GS rowC plate 14-15 1-12 RJ RL.txt,C7C8,D-Cysteine
20250515 rl rj plate 2 row H backwards.txt,O3O4P3P4,FAPy-adenine
20250604 rl rj screening plate 6 redo row G.txt,M15M16N15N16,Adenosine
20250604 rl rj screening plate 6 redo row B try 2.txt,E13E14F13F14,D-Ornithine (hydrochloride)
250130 screening GS plate 13 rowA 1-16 RJ.txt,A7A8,L-Tyrosine
20250515 rl rj plate 2 row F.txt,M11M12N11N12,"7,8-Dihydroneopterin"
20250515 rl rj plate 2 row D.txt,I3I4J3J4,Tyrosol
20250604 rl rj screening plate 5 row A.txt,A17A18B17B18,(S)-Leucic acid
20250507 rl rj screening wt gs plate 4 row F.txt,K1K2L1L2,Guanosine
20250604 rl rj screening plate 6 redo row A.txt,A1A2B1B2,L-5-Hydroxytryptophan
20250515 rl rj plate 2 row G.txt,O5O6P5P6,L-Octanoylcarnitine
250130 screening GS rowC plate 14-15 1-12 RJ RL.txt,C1C2,D-Gluconic acid (potassium)
20250604 rl rj screening plate 5 row A.txt,A3A4B3B4,H-D-Trp-OH
20250604 rl rj screening plate 6 redo row D.txt,G17G18H17H18,"Pentane-1,5-diamine (dihydrochloride)"
20250604 rl rj screening plate 6 redo row H.txt,O7O8P7P8,D-Threitol
20250507 rl rj screening wt gs plate 4 row H.txt,O7O8P7P8,For-Met-OH
20250606 rl rj screening plate 3 row F.txt,K1K2L1L2,N-Acetyl-L-methionine
20250507 rl rj screening wt gs plate 4 row E.txt,I10I9J10J9,N8-Acetylspermidine dihydrochloride
20250604 rl rj screening plate 5 row E.txt,I5I6J5J6,Pyridoxal
20250604 rl rj screening plate 6 redo row E.txt,I5I6J5J6,"7,4'-Di-O-methylapigenin"
20250604 rl rj screening plate 6 redo row B try 2.txt,E5E6F5F6,Indole
20250606 rl rj screening plate 3 row A.txt,A3A4B3B4,Hydroxyphenyllactic acid
20250604 rl rj screening plate 5 row A.txt,A19A20B19B20,α-Vitamin E
260318 screening wt gs plate 10 row F rj rl.txt,C17C18D17D18,Saccharopine (hydrochloride)
250131 screening GS 15 RJ.txt,J7J8K7K8,"Glycogen, Oysters"
20250515 rl rj plate 2 row E.txt,K1K2L1L2,Nudifloramide
20250606 rl rj screening plate 3 row D.txt,G19G20H19H20,(Z)-Aconitic acid
20250507 rl rj screening wt gs plate 4 row H.txt,O1O2P1P2,1-Methylinosine
260318 screening wt gs plate 10 row C rj rl.txt,E3E4F3F4,Agmatine (sulfate)
20250604 rl rj screening plate 6 redo row B try 2.txt,E19E20F19F20,Dephospho-CoA
20250515 rl rj plate 2 row G.txt,O10O9P10P9,Reticuline
20250411 GS plate 9 row 7 RLRJ.txt,O7O8P7P8,L-Phenylalanine
20250515 rl rj plate 2 row F.txt,M13M14N13N14,Uridine 5′-diphosphoglucose (disodium salt)
20250515 rl rj plate 2 row E.txt,K3K4L3L4,Lauric acid
20250604 rl rj screening plate 5 row A.txt,A7A8B7B8,L-Hexanoylcarnitine
20250604 rl rj screening plate 6 redo row G.txt,M7M8N7N8,Acetyl-L-carnitine (hydrochloride)
20250606 rl rj screening plate 3 row H.txt,O17O18P17P18,3-Methoxytyramine (hydrochloride)
20250515 rl rj plate 2 row A.txt,A1A2B1B2,Diethyl phosphate
20250515 rl rj plate 2 row H backwards.txt,O1O2P1P2,D-N-Acetylgalactosamine
250130 screening GS plate 13 rowA 1-16 RJ.txt,A13A14,L-Alanyl-L-leucine
20250606 rl rj screening plate 3 row B.txt,C3C4D3D4,3-Methylcrotonylglycine
20250606 rl rj screening plate 3 row B.txt,C11C12D11D12,Valerylcarnitine
20250411 GS plate 9 row 7 RLRJ.txt,O3O4P3P4,Leucyl-phenylalanine
20250604 rl rj screening plate 5 row A.txt,A13A14B13B14,1-Methylguanosine
20250604 rl rj screening plate 5 row B.txt,C11C12D11D12,5-Methyltetrahydrofolic acid
20250604 rl rj screening plate 5 row C.txt,E11E12F11F12,Menaquinone-4
20250604 rl rj screening plate 6 redo row G.txt,M10M9N10N9,Dodecanedioic acid
20250604 rl rj screening plate 6 redo row B try 2.txt,E1E2F1F2,Citraconic acid
250130 screening GS plate 13 rowA 1-16 RJ.txt,A1A2,"1,2-Dipalmitoyl-sn-glycerol"
20250507 rl rj screening wt gs plate 4 row E.txt,I11I12J11J12,3-Hydroxyisovaleric acid
250127 screening GS plate 11 RJ 6.txt,M5M6N5N6,1-Palmitoyl-sn-glycero-3-phosphocholine
20250411 GS plate 9 row 1 RLRJ.txt,C13C14D13D14,NSC 16590
20250604 rl rj screening plate 6 redo row F plus D11.txt,K21K22L21L22,Neopterin
20250606 rl rj screening plate 3 row C.txt,E19E20F19F20,Prostaglandin E1
20250411 GS plate 9 row 2 RLRJ.txt,E3E4F3F4,L-Histidine
260318 screening wt gs plate 10 row E rj rl.txt,A17A18B17B18,L-Cysteinesulfinic acid (monohydrate)
20250606 rl rj screening plate 3 row D.txt,G7G8H7H8,2'-Deoxyadenosine
20250507 rl rj screening wt gs plate 4 row H.txt,O17O18P17P18,"3,3'-Diiodo-L-thyronine"
20250604 rl rj screening plate 6 redo row H.txt,O3O4P3P4,3-Hydroxypicolinic acid
260318 screening wt gs plate 10 row D rj rl.txt,G21G22H21H22,β-Nicotinamide mononucleotide
20250515 rl rj plate 2 row B.txt,C1C2D1D2,3-Butynoic acid
260318 screening wt gs plate 10 row A rj rl.txt,A11A12B11B12,Uridine 5'-monophosphate (disodium salt)
250130 screening GS plate 13 rowA 1-16 RJ.txt,A3A4,Liothyronine
20250515 rl rj plate 2 row F.txt,M1M2N1N2,p-Toluic acid
260318 screening wt gs plate 10 row A rj rl.txt,A19A20B19B20,β-Alanine
20250515 rl rj plate 2 row F.txt,M17M18N17N18,Xanthosine
20250507 rl rj screening wt gs plate 4 row H.txt,O11O12P11P12,Melatonin
20250604 rl rj screening plate 5 row C.txt,E15E16F15F16,Myristic acid
20250507 rl rj screening wt gs plate 4 row E.txt,I13I14J13J14,Tiglyl carnitine
20250515 rl rj plate 2 row F.txt,M5M6N5N6,Paraxanthine
20250507 rl rj screening wt gs plate 4 row B.txt,C1C2D1D2,Suberic acid
20250507 rl rj screening wt gs plate 4 row E.txt,I3I4J3J4,1-Methylxanthine
20250606 rl rj screening plate 5 row h again.txt,I5I6J5J6,Cyclic N-Acetyl-D-mannosamine
20250604 rl rj screening plate 5 row B.txt,C1C2D1D2,Meconine
20250604 rl rj screening plate 6 redo row G.txt,M19M20N19N20,L-Cysteine (hydrochloride hydrate)
20250507 rl rj screening wt gs plate 4 row F.txt,K5K6L5L6,Adenine (hydrochloride)
20250604 rl rj screening plate 6 redo row D.txt,G19G20H19H20,Neopterin
20250606 rl rj screening plate 3 row A.txt,A15A16B15B16,Silydianin
20250604 rl rj screening plate 6 redo row F plus D11.txt,K19K20L19L20,Phytosphingosine
20250606 rl rj screening plate 3 row G redo.txt,K1K2L1L2,11beta-Hydroxyprogesterone
20250507 rl rj screening wt gs plate 4 row E.txt,I5I6J5J6,D-Melibiose
w,A11A12B11B12,D-Glucuronic acid
20250606 rl rj screening plate 3 row D.txt,G1G2H1H2,"4-(1,2-Dihydroxyethyl)benzene-1,2-diol"
20250606 rl rj screening plate 3 row E.txt,I3I4J3J4,Pentacosanoic acid
20250606 rl rj screening plate 3 row D.txt,G5G6H5H6,γ-Hexalactone
20250606 rl rj screening plate 3 row D.txt,G3G4H3H4,4-Methoxycinnamic acid
260318 screening wt gs plate 10 row D rj rl.txt,G5G6H5H6,NAD+
20250606 rl rj screening plate 3 row H.txt,O11O12P11P12,Lignoceric acid
20250606 rl rj screening plate 3 row D.txt,G10G9H10H9,Levulinic acid
20250606 rl rj screening plate 3 row H.txt,O1O2P1P2,4-Hydroxyphenylacetic acid
260318 screening wt gs plate 10 row C rj rl.txt,E19E20F19F20,Flavin adenine dinucleotide (disodium salt)
260318 screening wt gs plate 10 row C rj rl.txt,E17E18F17F18,Acetyl-L-lysine
260318 screening wt gs plate 10 row C rj rl.txt,E13E14F13F14,D-Arginine
20250606 rl rj screening plate 5 row h again.txt,I19I20J19J20,Cinnabarinic acid
260318 screening wt gs plate 10 row C rj rl.txt,E10E9F10F9,Glycyl-L-valine
20250411 GS plate 9 row 8 RLRJ.txt,K15K16L15L16,D-Phenylalanine
260318 screening wt gs plate 10 row C rj rl.txt,E11E12F11F12,Nepsilon-Acetyl-L-lysine
20250606 rl rj screening plate 3 row B.txt,C5C6D5D6,Normetanephrine (hydrochloride)
20250411 GS plate 9 row 6 RLRJ.txt,M10M9N10N9,Methionine
250130 screening GS rowC plate 14-15 1-12 RJ RL.txt,C11C12,L-DABA
260318 screening wt gs plate 10 row F rj rl.txt,C15C16D15D16,(2-Aminoethyl)phosphonic acid
20250411 GS plate 9 row 6 RLRJ.txt,M17M18N17N18,Sodium 2-oxopropanoate
20250604 rl rj screening plate 6 redo row F plus D11.txt,K5K6L5L6,m-Coumaric acid
20250507 rl rj screening wt gs plate 4 row D.txt,G10G9H10H9,Palmitoleic acid
20250604 rl rj screening plate 6 redo row C.txt,E7E8F7F8,Imidazoleacetic acid (hydrochloride)
20250604 rl rj screening plate 5 row F.txt,K3K4L3L4,N-Acetylglycine
20250604 rl rj screening plate 6 redo row C.txt,E3E4F3F4,4-Pentenoic acid
20250515 rl rj plate 2 row B.txt,C5C6D5D6,Vanillic acid
20250604 rl rj screening plate 5 row A.txt,A15A16B15B16,L-Valyl-L-phenylalanine
20250507 rl rj screening wt gs plate 4 row E.txt,I7I8J7J8,2-Methylpentanedioic acid
20250604 rl rj screening plate 5 row C.txt,E3E4F3F4,Hyodeoxycholic acid
20250515 rl rj plate 2 row G.txt,O3O4P3P4,"Enterostatin(human,mouse,rat)"
20250515 rl rj plate 2 row G.txt,O7O8P7P8,Indole-3-carboxylic acid
20250604 rl rj screening plate 5 row C.txt,E17E18F17F18,Xanthine
20250507 rl rj screening wt gs plate 4 row D.txt,G1G2H1H2,Pimelic acid
20250604 rl rj screening plate 5 row A.txt,A1A2B1B2,Uridine
20250507 rl rj screening wt gs plate 4 row A.txt,A5A6B5B6,L-Thyroxine (sodium salt pentahydrate)